[
  {
    "id": "00d650bb-7986-4b73-9bdb-8f3b84564324",
    "data": [
      {
        "text": "may i know your ",
        "userDefined": false
      },
      {
        "text": "address",
        "meta": "@sys.address",
        "alias": "address",
        "userDefined": true
      }
    ],
    "isTemplate": false,
    "count": 0,
    "lang": "en",
    "updated": 0
  },
  {
    "id": "515b77ed-0ace-421a-aac5-7085f7c61e2b",
    "data": [
      {
        "text": "could you order me pizza ",
        "userDefined": false
      },
      {
        "text": "now",
        "meta": "@sys.date-time",
        "alias": "date-time",
        "userDefined": true
      }
    ],
    "isTemplate": false,
    "count": 0,
    "lang": "en",
    "updated": 0
  },
  {
    "id": "f52906d7-55ba-40df-a3a3-a3f1fae802e0",
    "data": [
      {
        "text": "would like to add ",
        "userDefined": false
      },
      {
        "text": "any topings",
        "meta": "@topings",
        "alias": "topings",
        "userDefined": true
      }
    ],
    "isTemplate": false,
    "count": 0,
    "lang": "en",
    "updated": 0
  },
  {
    "id": "f7bc30d2-c60f-4419-aa54-54b728002b0b",
    "data": [
      {
        "text": "could you order me small ",
        "userDefined": false
      },
      {
        "text": "size",
        "meta": "@Size",
        "alias": "Size",
        "userDefined": true
      },
      {
        "text": " pizza",
        "userDefined": false
      }
    ],
    "isTemplate": false,
    "count": 0,
    "lang": "en",
    "updated": 0
  },
  {
    "id": "a4b01030-7fc7-4177-9223-a60b84bec47d",
    "data": [
      {
        "text": "order me a pizza to my phone ",
        "userDefined": false
      },
      {
        "text": "number",
        "meta": "@sys.phone-number",
        "alias": "phone-number",
        "userDefined": true
      }
    ],
    "isTemplate": false,
    "count": 0,
    "lang": "en",
    "updated": 0
  },
  {
    "id": "e61b5ea3-f50b-4fa0-9455-e8d0171f8a7c",
    "data": [
      {
        "text": "order me pizza to the email ID ",
        "userDefined": false
      },
      {
        "text": "mail",
        "meta": "@sys.email",
        "alias": "email",
        "userDefined": true
      }
    ],
    "isTemplate": false,
    "count": 0,
    "lang": "en",
    "updated": 0
  }
]